question,answer
What should I do after a loved one is diagnosed with Alzheimer’s?,"After a diagnosis, it's important to confirm with a second opinion, understand the condition, begin planning care, and address emotional responses."
Why is it important to get a second opinion for an Alzheimer’s diagnosis?,A second opinion ensures the diagnosis is accurate and helps guide the best course of treatment and planning.
How can I emotionally process a loved one’s Alzheimer’s diagnosis?,"Allow yourself and your loved one time to grieve and feel emotions like denial, sadness, and anger. Seek support and remember they are more than the disease."
What are the stages of Alzheimer’s disease I should know about?,"Alzheimer’s progresses through mild, moderate, and severe stages, each affecting memory, behavior, and physical abilities differently."
How can I educate myself about Alzheimer’s caregiving?,"Learn about Alzheimer’s stages, caregiving issues, treatments, and lifestyle changes from trusted sources like the Alzheimer’s Association."
What legal and financial steps should I take after a diagnosis?,"Early in the diagnosis, discuss financial matters, manage debts, and create legal documents to assign decision-making responsibilities."
How do I organize medical and financial records for my loved one?,"Use binders or folders to store financial, medical records, and important contacts, with your loved one’s input where possible."
Why is setting up a calendar or journal helpful for someone with Alzheimer’s?,Calendars help with remembering appointments and journals support memory by tracking conversations and daily events.
Who should be part of the Alzheimer’s care team?,"Include primary care doctors, specialists, psychologists, geriatric care managers, home health aides, and elder law attorneys."
What is the role of a primary care physician in Alzheimer’s care?,"They provide regular health monitoring, preventive care, and coordinate with specialists as the condition progresses."
Should I consult a neurologist or psychiatrist for Alzheimer’s treatment?,"Yes, these specialists provide expertise in managing brain and behavioral symptoms of Alzheimer’s."
How can a geriatric care manager help in Alzheimer’s caregiving?,"They assess needs, coordinate services, resolve family conflicts, and develop care plans."
What does a home healthcare aide do for Alzheimer’s patients?,"They assist with daily activities, provide companionship, and reduce caregiver burden."
How can an elder law attorney help us plan for the future?,"They assist with legal documents for financial, medical, and guardianship decisions before the patient loses capacity."
When should I start planning for full-time care?,"Begin early, ideally in the mild stage, so your loved one can contribute to decisions."
Is it safe for someone with early Alzheimer’s to drive?,Driving can be dangerous even in early stages due to memory lapses and poor judgment.
What are the care options as the disease progresses?,"Options include in-home care, live-in aides, and memory care facilities."
How can I make a long-term care plan with my family?,"Discuss care roles, housing, finances, and include medical professionals in planning."
How can I avoid burnout while caring for a loved one with Alzheimer’s?,"Practice self-care, ask for help, and maintain healthy routines."
Why is self-care important for Alzheimer’s caregivers?,"Ignoring self-care increases stress, depression, and reduces your ability to provide quality care."
What are practical ways to manage stress as a caregiver?,"Take walks, eat well, sleep, and seek support groups or professional advice."
Should I tell my doctor that I’m a caregiver?,"Yes, your doctor can offer stress management tips and monitor your health."
How can I ask others for help with caregiving?,Keep a list of people offering help and suggest simple tasks they can do.
What kind of support can friends and family provide?,"They can help with tasks, provide emotional support, and share responsibilities."
How do I find Alzheimer’s caregiver support groups?,"Check with Alzheimer’s organizations, local hospitals, and online communities."
What are community resources available for Alzheimer’s caregivers?,"Look for respite care, adult day programs, and nonprofit support services."
How do I set realistic expectations as an Alzheimer’s caregiver?,Accept the progression of the disease and recognize your limits.
How should I deal with changes in my loved one’s personality?,Understand it’s part of the disease and maintain consistent routines.
Why do predictable routines help Alzheimer’s patients?,"They reduce confusion, anxiety, and help maintain independence."
What are the stages of Alzheimer’s and how do they affect care?,Mild stage allows independence; moderate needs supervision; severe requires full-time professional care.
What is in-home care for someone with Alzheimer’s?,It includes help with daily tasks and medical care while the person remains at home.
What is memory care and how is it different from assisted living?,Memory care is specialized care in a secured setting tailored for dementia-related needs.
How do memory care facilities keep residents safe?,"They use secured areas, trained staff, and structured activities to support safety and comfort."
Where can I find trusted information about Alzheimer’s?,Use reputable sources like the Alzheimer’s Association and Alzheimer’s Foundation of America.
Are there online support groups for Alzheimer’s caregivers?,"Yes, many organizations offer virtual support groups and forums."
